a,b,spearman,pearson
mean_nuclei_count,cyto_area_ratio,0.8146926580455092,0.8687884343961741
mean_nuclei_count_ridge_norm,cyto_area_ratio_ridge_norm,0.7531757989950429,0.9550927295308793
mito_puncta_ratio,mito_puncta_ratio_ridge_norm_sub,0.721309275267581,0.9385689251899674
cyto_area_ratio,cyto_area_ratio_ridge_norm,0.5415753335579045,0.9375955525159639
mean_nuclei_count,mean_nuclei_count_ridge_norm,0.5284224950253459,0.7728563503337235
mean_nuclei_count,cyto_area_ratio_ridge_norm,0.4627655136682136,0.7541299870663785
vacuole_sum,vacuole_ratio,0.4501221259978751,-0.17567826721678897
mean_nuclei_count_ridge_norm,cyto_area_ratio,0.43811403090081136,0.8926517197312704
cyto_area_ratio,vacuole_sum,0.4055436945901032,0.38944851757377286
bioactivity_svc_tvn_pca_platenorm_coral_regnorm_all_n_components_256,mean_nuclei_area_mean_ridge_norm_inv,0.4041056126863429,0.7029424266736654
mean_nuclei_count,vacuole_sum,0.4005251312848086,0.43933210915753523
bioactivity_svc_tvn_pca_platenorm_coral_regnorm_all_n_components_256,vacuole_ratio,0.3613809683492471,0.21245253915977635
